{"bounds": [[39.72167898636463, -4.385883808135986], [39.729435588038484, -4.379982948303223]], "mean": 0.636, "median": 0.597, "std": 0.185, "min": 0.328, "max": 1.401, "p25": 0.491, "p75": 0.748, "num": 1690.0}