{"bounds": [[-15.561032749371616, -49.68661308288574], [-15.553549658371244, -49.67910289764404]], "mean": 0.739, "median": 0.816, "std": 0.337, "min": 0.083, "max": 1.405, "p25": 0.429, "p75": 1.031, "num": 4168.0}