{"bounds": [[-12.630790582333606, -52.299814224243164], [-12.598292147856794, -52.280588150024414]], "mean": 0.399, "median": 0.38, "std": 0.128, "min": -0.011, "max": 2.63, "p25": 0.359, "p75": 0.408, "num": 29066.0}