{"bounds": [[-12.469765818171204, -52.24531173706054], [-12.428530013381323, -52.216644287109375]], "mean": Infinity, "median": 0.438, "std": NaN, "min": -0.018, "max": Infinity, "p25": 0.426, "p75": 0.452, "num": 34968.0}