{"bounds": [[-12.52289333493303, -52.191925048828125], [-12.489040469248867, -52.16188430786133]], "mean": 0.367, "median": 0.374, "std": 0.136, "min": -0.284, "max": 2.879, "p25": 0.332, "p75": 0.394, "num": 84494.0}