{"bounds": [[-15.583521726788298, -49.69021797180176], [-15.576618203136006, -49.6827507019043]], "mean": 0.147, "median": 0.148, "std": 0.025, "min": 0.02, "max": 0.306, "p25": 0.132, "p75": 0.16, "num": 4449.0}