{"bounds": [[39.737438826008514, -4.401043653488158], [39.741778337617866, -4.3964409828186035]], "mean": 0.488, "median": 0.472, "std": 0.13, "min": 0.178, "max": 1.009, "p25": 0.406, "p75": 0.563, "num": 1071.0}