{"bounds": [[-12.62576532094121, -52.24968910217285], [-12.60867869392718, -52.23432540893555]], "mean": 0.138, "median": 0.117, "std": 0.06, "min": 0.039, "max": 0.396, "p25": 0.109, "p75": 0.127, "num": 21193.0}