{"bounds": [[-15.579263892304779, -49.68270778656006], [-15.571740124453179, -49.67498302459717]], "mean": 0.605, "median": 0.609, "std": 0.026, "min": 0.416, "max": 0.659, "p25": 0.601, "p75": 0.617, "num": 5198.0}