{"bounds": [[-15.560784695466964, -49.69438076019287], [-15.554004439622393, -49.68549728393555]], "mean": 0.266, "median": 0.293, "std": 0.089, "min": -0.024, "max": 0.508, "p25": 0.208, "p75": 0.333, "num": 3788.0}