{"bounds": [[-12.629073629130511, -52.27818489074706], [-12.604700026429546, -52.24878787994385]], "mean": 0.652, "median": 0.68, "std": 0.068, "min": 0.182, "max": 0.732, "p25": 0.631, "p75": 0.694, "num": 35217.0}