{"bounds": [[-15.571740124453179, -49.68832969665527], [-15.56533230286523, -49.67991828918457]], "mean": 0.391, "median": 0.384, "std": 0.087, "min": 0.068, "max": 0.603, "p25": 0.34, "p75": 0.43, "num": 4165.0}