{"bounds": [[-12.655245443819515, -52.29208946228027], [-12.622498848089952, -52.2590446472168]], "mean": 0.835, "median": 0.811, "std": 0.117, "min": 0.274, "max": 1.0, "p25": 0.806, "p75": 0.819, "num": 2537.0}