{"bounds": [[-15.573104344557663, -49.68184947967529], [-15.567068635532324, -49.67197895050049]], "mean": 0.732, "median": 0.749, "std": 0.07, "min": 0.225, "max": 0.811, "p25": 0.73, "p75": 0.767, "num": 4617.0}