{"bounds": [[-15.58207489972506, -49.69948768615723], [-15.575088648549222, -49.68923091888428]], "mean": 0.384, "median": 0.373, "std": 0.169, "min": 0.14, "max": 0.671, "p25": 0.216, "p75": 0.558, "num": 5855.0}