{"bounds": [[-15.578147746340157, -49.68918800354004], [-15.570499916503127, -49.681763648986816]], "mean": 0.511, "median": 0.513, "std": 0.081, "min": 0.118, "max": 0.661, "p25": 0.488, "p75": 0.547, "num": 4862.0}