{"bounds": [[-12.715869982699681, -52.24393844604492], [-12.656585368545676, -52.16651916503906]], "mean": 0.584, "median": 0.699, "std": 0.207, "min": -0.092, "max": 0.847, "p25": 0.36, "p75": 0.769, "num": 171611.0}