{"bounds": [[-12.480827967300415, -52.219390869140625], [-12.456188898732, -52.1876335144043]], "mean": 0.222, "median": 0.211, "std": 0.057, "min": 0.091, "max": 0.77, "p25": 0.201, "p75": 0.227, "num": 56485.0}