{"bounds": [[-12.506637809564987, -52.22419738769531], [-12.483174423023408, -52.19467163085937]], "mean": 0.784, "median": 0.795, "std": 0.054, "min": 0.117, "max": 0.837, "p25": 0.785, "p75": 0.804, "num": 46275.0}