{"bounds": [[-12.656836603648474, -52.262821197509766], [-12.632465647518089, -52.24136352539062]], "mean": 0.236, "median": 0.2, "std": 0.097, "min": 0.044, "max": 0.582, "p25": 0.174, "p75": 0.251, "num": 21560.0}