{"bounds": [[-15.570499916503127, -49.696054458618164], [-15.564133397945499, -49.687299728393555]], "mean": 0.112, "median": 0.123, "std": 0.098, "min": -0.29, "max": 0.365, "p25": 0.056, "p75": 0.182, "num": 4757.0}