{"bounds": [[-15.589846308311571, -49.69515323638916], [-15.581165460356104, -49.6830940246582]], "mean": 0.157, "median": 0.165, "std": 0.071, "min": -0.093, "max": 0.295, "p25": 0.105, "p75": 0.215, "num": 8418.0}