{"bounds": [[-12.630288060638264, -52.33217239379883], [-12.605998335246767, -52.29612350463867]], "mean": -0.268, "median": -0.308, "std": 0.084, "min": -0.395, "max": 0.396, "p25": -0.34, "p75": -0.2, "num": 67668.0}