{"bounds": [[-15.576618203136006, -49.69656944274902], [-15.56934238233405, -49.68811511993408]], "mean": -0.181, "median": -0.183, "std": 0.022, "min": -0.313, "max": -0.068, "p25": -0.194, "p75": -0.171, "num": 4967.0}