{"bounds": [[-12.602815372892369, -52.2755241394043], [-12.57433447780274, -52.25646972656249]], "mean": 0.355, "median": 0.353, "std": 0.032, "min": -0.134, "max": 0.435, "p25": 0.339, "p75": 0.371, "num": 39852.0}