{"bounds": [[39.121221167546636, -121.87889099121092], [39.127530149537584, -121.87082290649414]], "mean": 0.346, "median": 0.351, "std": 0.044, "min": 0.093, "max": 0.437, "p25": 0.323, "p75": 0.376, "num": 3853.0}