{"bounds": [[-15.573104344557663, -49.68184947967529], [-15.567068635532324, -49.67202186584473]], "mean": 0.194, "median": 0.299, "std": 0.203, "min": -0.243, "max": 0.394, "p25": 0.045, "p75": 0.349, "num": 4586.0}