{"bounds": [[-12.501274937537522, -52.13939666748047], [-12.468089693756074, -52.12051391601562]], "mean": -0.26, "median": -0.266, "std": 0.038, "min": -0.394, "max": 0.011, "p25": -0.29, "p75": -0.236, "num": 50897.0}