{"bounds": [[38.998158155579105, -121.88004970550536], [39.00487833588489, -121.87322616577148]], "mean": 0.385, "median": 0.406, "std": 0.067, "min": 0.014, "max": 0.458, "p25": 0.371, "p75": 0.428, "num": 2633.0}